{
  "gnn": {
    "r2": 0.13040432333946228,
    "mae": 0.3073752522468567,
    "rmse": 0.861870558120756
  },
  "mean": {
    "r2": -0.00018268823623657227,
    "mae": 0.3902236223220825,
    "rmse": 0.9436180755163082
  },
  "knn_5": {
    "r2": 0.5489585399627686,
    "mae": 0.047693248838186264,
    "rmse": 0.633673799963581
  },
  "knn_20": {
    "r2": 0.5364170074462891,
    "mae": 0.05141254514455795,
    "rmse": 0.638652416247793
  },
  "linear": {
    "r2": 0.001399397850036621,
    "mae": 0.38938769698143005,
    "rmse": 0.942658916604298
  }
}