{
  "timestamp": "20260312_232328",
  "data_source": "synthetic",
  "n_points": 5000,
  "theorems_verified": 3,
  "u_mean": 1.0067248344421387,
  "u_std": 0.04804828763008118,
  "v_mean": -0.19369837641716003,
  "v_std": 0.028021974489092827,
  "speed_mean": 1.025565266609192,
  "speed_std": 0.048202913254499435,
  "bernoulli_mean": -6.02006888783535e-10,
  "bernoulli_range": 3.5762786865234375e-07,
  "thresholds": {
    "0.5": 100.0,
    "1.0": 63.179999589920044,
    "1.5": 0.0
  },
  "adaptive_threshold": 1.0737681798636913,
  "pct_above_adaptive": 23.959998786449432,
  "eigen_mean": 4.104519150587294e-05,
  "device": "CUDA"
}